{
  "project_info": {
    "project_number": "390386741655",
    "project_id": "tradux-192e2",
    "storage_bucket": "tradux-192e2.firebasestorage.app"
  },
  "client": [
    {
      "client_info": {
        "mobilesdk_app_id": "1:390386741655:android:3bc215bbfb82c1064e54d2",
        "android_client_info": {
          "package_name": "com.emil.tradux"
        }
      },
      "oauth_client": [
        {
          "client_id": "390386741655-efss03df1cbdm9fo9brslbeq1ob5sm52.apps.googleusercontent.com",
          "client_type": 1,
          "android_info": {
            "package_name": "com.emil.tradux",
            "certificate_hash": "929b09ee56b3f88d8f544878ce3703da890ace2e"
          }
        },
        {
          "client_id": "390386741655-nvuf995mtmuorj6s35a8jo5r9oedl5rj.apps.googleusercontent.com",
          "client_type": 3
        }
      ],
      "api_key": [
        {
          "current_key": "AIzaSyDE2UG_HrgMnouEhHgeKdr-xh9GnwL75t8"
        }
      ],
      "services": {
        "appinvite_service": {
          "other_platform_oauth_client": [
            {
              "client_id": "390386741655-nvuf995mtmuorj6s35a8jo5r9oedl5rj.apps.googleusercontent.com",
              "client_type": 3
            }
          ]
        }
      }
    }
  ],
  "configuration_version": "1"
}